"Cart Product ID","SKU","Product","Price","hsCode","country","Weight","Length","Width","Height",
"#Humidistat control for EcorPro","250","","0.00","1","0","0","0","0","0",
"#44591795700002","PBDGR3434S","62% Boveda Humidipak - Humidity Control (320 Gram)","40.00","","","0.32","0","0","0",
"#45204828848418","PACHGR3864S","AC Infinity Cloudforge T3","129.95","","","2.5","20","20","40",
"#45204795883810","PACHGR3838S","AC Infinity Cloudforge T7 Plant Humidifier, 15L","350.00","","","6","28","28","60",
"#45204992524578","PACTVGR3859S","AC Infinity Cloudline T Series Inline Fans - T10 | 10 Inch | 250mm","590.00","","","8.8","26","40","30",
"#45204992557346","PACTVGR3860S","AC Infinity Cloudline T Series Inline Fans - T12 | 12 Inch | 300mm","700.00","","","12.2","35","55","38",
"#45204992426274","PACTVGR3856S","AC Infinity Cloudline T Series Inline Fans - T4 | 4 Inch | 100mm","275.00","","","3.2","25","35","22",
"#45204992459042","PACTVGR3857S","AC Infinity Cloudline T Series Inline Fans - T6 | 6 Inch | 150mm","325.00","","","3.6","25","35","25",
"#45204992491810","PACTVGR3858S","AC Infinity Cloudline T Series Inline Fans - T8 | 8 Inch | 200mm","440.00","","","5.1","25","35","15",
"#45204827996450","PACOGR3863S","AC Infinity Cloudray S6 Oscillating Fan","99.00","","","1","26","25","15",
"#45204832682274","PACPGR3865S","AC Infinity Humidity Dome with Height Extension 5x8 Cell Tray","99.95","","","2","40","20","25",
"#44591797993762","PADLGR3477S","Adjust A Wing Avenger Batwing Reflector – SE","200.00","","","5","0","0","0",
"#44594120327458","PADLLGR3476S","Adjust A Wing Defender Batwing Reflector SE - Large","125.00","","AU","2","70","58","4",
"#44593644536098","PADMLGR3475S","Adjust A Wing Defender Batwing Reflector SE - Medium","75.00","","","0.5","0","0","0",
"#44591798059298","PADLGR3478S","Adjustawings Single Lampholder Only","40.00","","","0","0","0","0",
"#45361712169250","PAI2FGR3937S","Air Maxx Fabric Pots - 2Gal / 7.5L","7.00","","","0.1","0","0","0",
"#45361712202018","PAI3FGR3938S","Air Maxx Fabric Pots - 3.5Gal / 13L","8.00","","","0.2","0","0","0",
"#45361712234786","PAI6FGR3939S","Air Maxx Fabric Pots - 6Gal / 22.5L","9.00","","","0.3","0","0","0",
"#45361712267554","PAI9FGR3940S","Air Maxx Fabric Pots - 9Gal / 34L","10.00","","","0.4","0","0","0",
"#46971936768290","PAL1GR4019S","Aluminium Amendment Scoop - 140mL","15.00","","","0.1","0","0","0",
"#46971936801058","PAL3GR4020S","Aluminium Amendment Scoop - 340mL","17.50","","","0.15","0","0","0",
"#46971936833826","PAL6GR4021S","Aluminium Amendment Scoop - 682mL","25.00","","","0.2","0","0","0",
"#47109166301474","PANGR4075S","Anova Pot 19L","15.00","","","0","0","0","0",
"#44993667367202","PAP1NGR3264S","Aptus Base - 1L","90.00","","","1.42","26","9.5","9",
"#44993667432738","PAP2NGR3266S","Aptus Base - 20L","1750.00","","","20","0","0","0",
"#44993667399970","PAP5NGR3265S","Aptus Base - 5L","475.00","","","5","0","0","0",
"#44999120060706","PAP1SGR3746S","Aptus BaseBoost - 10KG","525.00","","","10","0","0","0",
"#44999120027938","PAP1SGR3745S","Aptus BaseBoost - 1KG","60.00","","","1","0","0","0",
"#44993732247842","PAP1FGR3284S","Aptus BloomBoost - 100ml","40.00","","","0.1","0","0","0",
"#44999044104482","PAP1FGR3287S","Aptus BloomBoost - 1L","450.00","","","1.42","26","9.5","9",
"#44999044890914","PAP2FGR3289S","Aptus BloomBoost - 20L","7500.00","","","20","0","0","0",
"#44993732280610","PAP2FGR3285S","Aptus BloomBoost - 250ml","105.00","","","0.3","0","0","0",
"#44999043580194","PAP5FGR3286S","Aptus BloomBoost - 500ml","200.00","","","0.5","0","0","0",
"#44999044333858","PAP5FGR3288S","Aptus BloomBoost - 5L","1850.00","","","5","0","0","0",
"#44998963495202","PAP1FGR3305S","Aptus Breakout Powder - 100g","20.00","","","0.1","0","0","0",
"#44998963527970","PAP1FGR3306S","Aptus Breakout Powder - 1KG","180.00","","","1","0","0","0",
"#44998849790242","PAP1AGR3275S","Aptus EcoZen - 1L","180.00","","","1.4","26","9.5","9",
"#44998854803746","PAP2AGR3277S","Aptus EcoZen - 20L","2750.00","","","20","0","0","0",
"#44998846152994","PAP2AGR3273S","Aptus EcoZen - 250ml","60.00","","","0.3","0","0","0",
"#44998861488418","PAP5AGR3274S","Aptus EcoZen - 500ml","100.00","","","0.5","0","0","0",
"#44998853755170","PAP5AGR3276S","Aptus EcoZen - 5L","925.00","","","5","0","0","0",
"#44998915588386","PAP1AGR3278S","Aptus Fasilitor - 100ml","75.00","","","0.1","0","0","0",
"#44998915621154","PAP1AGR3281S","Aptus Fasilitor - 1L","490.00","","","1.4","26","9.5","9",
"#44998915686690","PAP2AGR3283S","Aptus Fasilitor - 20L","7800.00","","","20","0","0","0",
"#44998893371682","PAP2AGR3279S","Aptus Fasilitor - 250ml","150.00","","","0.25","0","0","0",
"#44998898155810","PAP5AGR3280S","Aptus Fasilitor - 500ml","270.00","","","0.5","0","0","0",
"#44998915653922","PAP5AGR3282S","Aptus Fasilitor - 5L","2200.00","","","5","0","0","0",
"#44998946914594","PAP1GR3302S","Aptus Finaleboost - 1L","210.00","","","1.4","26","9.5","9",
"#44998947602722","PAP2GR3304S","Aptus Finaleboost - 20L","2500.00","","","20","0","0","0",
"#44998945472802","PAP2GR3300S","Aptus Finaleboost - 250ml","50.00","","","0.3","0","0","0",
"#44998946652450","PAP5GR3301S","Aptus Finaleboost - 500ml","110.00","","","0.5","0","0","0",
"#44998947275042","PAP5GR3303S","Aptus Finaleboost - 5L","850.00","","","5","0","0","0",
"#44999163511074","PAPSGR3748S","Aptus Hydro Starter Kit","450.00","","","4","0","0","0",
"#44998974406946","PAP1AGR3292S","Aptus MassBoost - 1L","250.00","","","1.4","26","9.5","9",
"#44998974472482","PAP2AGR3294S","Aptus MassBoost - 20L","3250.00","","","20","0","0","0",
"#44998974341410","PAP2AGR3290S","Aptus MassBoost - 250ml","70.00","","","0.25","0","0","0",
"#44998974374178","PAP5AGR3291S","Aptus MassBoost - 500ml","140.00","","","0.5","0","0","0",
"#44998974439714","PAP5AGR3293S","Aptus MassBoost - 5L","1000.00","","","5","0","0","0",
"#44999082115362","PAP1CGR3738S","Aptus Mineral-CALMAG - 1L","45.00","","","1.4","0","0","0",
"#44999082180898","PAP2CGR3740S","Aptus Mineral-CALMAG - 20L","800.00","","","20","0","0","0",
"#44999082148130","PAP5CGR3739S","Aptus Mineral-CALMAG - 5L","210.00","","","5","0","0","0",
"#44999146275106","PAPSGR3747S","Aptus Organic Starter Kit | for Soil / Terra / Coco","190.00","","","1.5","0","0","0",
"#44999005929762","PAP1GR3295S","Aptus PeakBoost - 100ml","30.00","","","0.1","0","0","0",
"#44999009567010","PAP1GR3298S","Aptus PeakBoost - 1L","200.00","","","1","0","0","0",
"#44998997737762","PAP2GR3296S","Aptus PeakBoost - 250ml","55.00","","","0.25","0","0","0",
"#44999007437090","PAP5GR3297S","Aptus PeakBoost - 500ml","110.00","","","0.5","0","0","0",
"#44999011860770","PAP5GR3299S","Aptus PeakBoost - 5L","850.00","","","5","0","0","0",
"#44993672741154","PAP1AGR3267S","Aptus StartBoost - 100ml","45.00","","","0.1","0","0","0",
"#44993672839458","PAP1AGR3270S","Aptus StartBoost - 1L","400.00","","","1","0","0","0",
"#44993672904994","PAP2AGR3272S","Aptus StartBoost - 20L","6200.00","","","20","0","0","0",
"#44993672773922","PAP2AGR3268S","Aptus StartBoost - 250ml","105.00","","","0.3","0","0","0",
"#44993672806690","PAP5AGR3269S","Aptus StartBoost - 500ml","200.00","","","0.5","0","0","0",
"#44993672872226","PAP5AGR3271S","Aptus StartBoost - 5L","1800.00","","","5","0","0","0",
"#44999110230306","PAP1CGR3742S","Aptus System-Clean - 1L","45.00","","","1","0","0","0",
"#44999110295842","PAP2CGR3744S","Aptus System-Clean - 20L","750.00","","","20","0","0","0",
"#44999110197538","PAP5CGR3741S","Aptus System-Clean - 500ml","25.00","","","0.5","0","0","0",
"#44999110263074","PAP5CGR3743S","Aptus System-Clean - 5L","210.00","","","5","0","0","0",
"#44591788556578","PAIGR3259S","Aqua One 2 Air Stone"","1.00","","","0.01","0","0","0",
"#44593397563682","PAQAGR3623S","Aqua One Air Pump 9500","30.00","","","2","0","0","0",
"#44591788654882","PAQIGR3261S","Aqua One Air Stone Ceramic 25x15mm 2pk","9.95","","","0","0","0","0",
"#44591783575842","PAQIGR3163S","Aqua One Air Stone Ceramic 6 / 15cm"","4.95","","","0","0","0","0",
"#44591788622114","PAQIGR3260S","Aqua One Air Stone Ceramic 80mm x 20mm","6.50","","","0","0","0","0",
"#44591788720418","PAQIGR3262S","Aqua One Air Stone Flexible 30cm","4.95","","","0","0","0","0",
"#44591788753186","PAQGR3263S","Aqua One Air Stone Flexible 60cm","10.00","","","0","0","0","0",
"#44591783837986","PAQWGR3165S","Aqua One Maxi Powerhead 101 - 400L/Hr","20.00","","","0.5","0","0","0",
"#44591783870754","PAQWGR3166S","Aqua One Maxi Powerhead 102 - 500L/Hr","30.00","","","0.5","15","11.5","5",
"#44592614506786","PAQWGR3617S","Aqua One Maxi Powerhead 103 - 1200L/Hr","32.50","","","1","15.5","12","8",
"#44592651829538","PAQWGR3618S","Aqua One Maxi Powerhead 104 - 2000L/Hr","45.00","","","2","0","0","0",
"#44592687513890","PAQWGR3619S","Aqua One Maxi Powerhead 105 - 2500L/Hr","55.00","","","3","0","0","0",
"#44593173889314","PAQWGR3620S","Aqua One Maxi Powerhead 106 - 3000L/Hr","105.00","","","3","0","0","0",
"#44591783608610","PAQAGR3164S","Aqua One Precision Air Pump 2500 150L","15.00","","","1","0","0","0",
"#44593373905186","PAQAGR3622S","Aqua One Precision Air Pump SR12000 - 1900 L","80.00","","","5","0","0","0",
"#44593338089762","PAQAGR3621S","Aqua One Precision Air Pump Twin Outlet SR7500 (360L/hr)","25.00","","","0","0","0","0",
"#45575917142306","PARGGR3967S","ARS Floral Scissors Black","87.50","","","1","0","0","0",
"#44592117743906","PAIAVGR3401S","BAC Air Socks - Air Socks 3m x 160mm","50.00","","","0","0","0","0",
"#44592117776674","PAIAVGR3402S","BAC Air Socks - Air Socks 3m x 200mm","70.00","","","0","0","0","0",
"#44592117809442","PAIAVGR3403S","BAC Air Socks - Air Socks 3m x 254mm","80.00","","","0","0","0","0",
"#44592117678370","PAIAVGR3399S","BAC Air Socks - Air Socks 5m x 160mm","55.00","","","0","0","0","0",
"#44592117711138","PAIAVGR3400S","BAC Air Socks - Air Socks 5m x 200mm","70.00","","","0","0","0","0",
"#44591805137186","PBAAGR3614S","BAC Bio Clone Cloning gel 100ml","15.00","","","0.01","0","0","0",
"#44594117116194","PBA1GR3609S","BAC Bloom Stimulator - 120ml","80.00","","","0.12","0","0","0",
"#44593814733090","PBA3GR3608S","BAC Bloom Stimulator - 300ml","140.00","","","0.12","0","0","0",
"#44594132844834","PBA2GR3596S","BAC Coco Grow AB - 2X10L","145.00","","","20","0","0","0",
"#44594132812066","PBA2GR3595S","BAC Coco Grow AB - 2X5L","95.00","","","10","0","0","0",
"#44594148933922","PBA1GR3599S","BAC F1 Extreme Booster - 10L","280.00","","","0","0","0","0",
"#44594148868386","PBA1GR3597S","BAC F1 Extreme Booster - 1L","45.00","","","1.2","23","8.5","8.5",
"#44594148966690","PBA2GR3600S","BAC F1 Extreme Booster - 20L","395.00","","","20","0","0","0",
"#44594148901154","PBA5GR3598S","BAC F1 Extreme Booster - 5L","180.00","","","0","0","0","0",
"#44594155585826","PBA1AGR3601S","BAC F1 Superbud Booster - 1L","40.00","","","1.2","23","8.5","8.5",
"#44594155618594","PBA5AGR3602S","BAC F1 Superbud Booster - 5L","130.00","","","5","0","0","0",
"#44597930754338","PBA1AGR3605S","BAC Final Solution Soil Conditioner - 120ml","80.00","","","0.12","0","0","0",
"#44597930721570","PBA6AGR3604S","BAC Final Solution Soil Conditioner - 60ml","45.00","","","0.06","0","0","0",
"#45203865993506","PBAGR3780S","BAC funky fungi","50.00","","","0.2","0","0","0",
"#44591805202722","PBATGR3616S","BAC Green Active Eye Work Light 78 LED","39.99","","","0.25","0","0","0",
"#44591669182754","PBAFGR3160S","BAC Hydro Grow A&B 1L","15.00","","","2.4","23","17","8.5",
"#45064363540770","PBAGR3758S","BAC Lime","25.00","","","5","0","0","0",
"#44591804481826","PBANGR3603S","BAC Organic Bloom Nutrients 1L","40.00","","","1.2","23","8.5","8.5",
"#44594404884770","PBANGR3624S","BAC Organic Grow Nutrients 1L","40.00","","","1.2","23","8.5","8.5",
"#44597966962978","PBA1GR3610S","BAC Organic Pro Active - 120ml","70.00","","","0.12","0","0","0",
"#44597966995746","PBA5GR3611S","BAC Organic Pro Active - 500ml","180.00","","","0.5","0","0","0",
"#44597992718626","PBA1GR3606S","BAC Root Stimulator - 120ml","80.00","","","0","0","0","0",
"#44597992751394","PBA3GR3607S","BAC Root Stimulator - 300ml","190.00","","","0.3","0","0","0",
"#44598073032994","PBA1AGR3612S","BAC Silica Power - 1L","40.00","","","1.2","23","8.5","8.5",
"#44598073065762","PBA5AGR3613S","BAC Silica Power - 5L","175.00","","","5","0","0","0",
"#46867575701794","PBAGR4007S","BAC Stim Pack","100.00","","","0.1","0","0","0",
"#45057113391394","PSU1AGR3694S","Bio Diesel - Super Natural - 1L","95.00","","","1","0","0","0",
"#45057113358626","PSU2AGR3693S","Bio Diesel - Super Natural - 250ml","34.00","","","0.25","0","0","0",
"#45056975536418","PBI1AGR3696S","Bio Diesel Aloevate - Organic Plant Tonic - 1L","45.00","","","1","0","0","0",
"#45056975503650","PBI2AGR3695S","Bio Diesel Aloevate - Organic Plant Tonic - 250ml","14.00","","","0.25","0","0","0",
"#44989452681506","PBI1MGR3702S","Bio Diesel Bio-One - Beneficial Microbe Inoculant - 1L","145.00","","","1","0","0","0",
"#44989452779810","PBI2MGR3704S","Bio Diesel Bio-One - Beneficial Microbe Inoculant - 20L","985.00","","","20","0","0","0",
"#44989452648738","PBI2MGR3701S","Bio Diesel Bio-One - Beneficial Microbe Inoculant - 250ml","47.00","","","0.25","0","0","0",
"#44989452747042","PBI5MGR3703S","Bio Diesel Bio-One - Beneficial Microbe Inoculant - 5L","380.00","","","5","0","0","0",
"#44944186409250","PBIPGR3707S","Bio Diesel Coco Propagation Plugs - 38mm - 100 Pack","35.00","","","0.1","0","0","0",
"#44944179396898","PBICGR3688S","Bio Diesel Complete Starter Kit OG","255.00","","","9","0","0","0",
"#44599050797346","PBI1AGR3172S","Bio Diesel Flower/Bloom Enhancer - 1L","54.00","","","1.2","0","0","0",
"#45231475851554","PBI2AGR3171S","Bio Diesel Flower/Bloom Enhancer - 250ml","12.50","","","0.3","0","0","0",
"#44599050830114","PBI5AGR3173S","Bio Diesel Flower/Bloom Enhancer - 5L","220.00","","","6","0","0","0",
"#46665318662434","PBIGGR3987S","Bio Diesel Living Soil 30L","50.00","","","18.6","0","0","0",
"#44598982017314","PBI1NGR3175S","Bio Diesel Marine CaMg+ - Growth Enhancer - 1L","75.00","","","1","0","0","0",
"#44598982181154","PBI2NGR3177S","Bio Diesel Marine CaMg+ - Growth Enhancer - 20L","725.00","","","20","0","0","0",
"#44598981919010","PBI2NGR3174S","Bio Diesel Marine CaMg+ - Growth Enhancer - 250ml","23.00","","","0.25","0","0","0",
"#44598982082850","PBI5NGR3176S","Bio Diesel Marine CaMg+ - Growth Enhancer - 5L","180.00","","","5","0","0","0",
"#46667586830626","PBICGR3986S","Bio Diesel Premium 70/30 Coco Blend - 50L","50.00","","","11.5","68","42","14",
"#45056944570658","PBI1AGR3700S","Bio Diesel Rhino K - Organic Flower Hardener - 1L","72.00","","","1","0","0","0",
"#45056944537890","PBI2AGR3699S","Bio Diesel Rhino K - Organic Flower Hardener - 250ml","22.00","","","0.25","0","0","0",
"#44591784526114","PBIIGR3178S","Bio Green Garlic Eco Protector 1L","65.00","","","1","0","0","0",
"#44599072031010","PBL1TGR3479S","Black Vinyl Poly Tubing - 13mm x 30m roll","45.00","","AU","4.5","32","32","21",
"#44599072063778","PBL1TGR3480S","Black Vinyl Poly Tubing - 19mm x 30m roll","65.00","","AU","7.6","40","40","21",
"#47037562519842","PBLGR4039S","Bluelab Combo Meter","425.00","","","1","0","0","0",
"#44591784263970","PBLPGR3169S","Bluelab Commercial Truncheon Nutrient Meter","250.00","","","0","0","0","0",
"#44591784132898","PBLPGR3167S","Bluelab Conductivity Pen","115.00","","","0.1","0","0","0",
"#47037556785442","PBLGR4037S","Bluelab Guardian Monitor","485.00","","","1","0","0","0",
"#47037569728802","PBLGR4040S","Bluelab Multimedia pH Meter","380.00","","","1","0","0","0",
"#47037559931170","PBLGR4038S","Bluelab Soil pH Meter","250.00","","","1","0","0","0",
"#44591788491042","PBLBGR3258S","Blumat 3mm Dripper Tube 10m","18.00","","","0.1","19","20","1",
"#44591787966754","PBLBGR3247S","Blumat 8mm Elbow Connectors","4.50","","","0.1","0","0","0",
"#45294750138658","PTRBGR3910S","Blumat Bonsai with Dripper Tube","40.00","","","0.2","0","0","0",
"#45294776090914","PTRBGR3911S","Blumat Bottle Adapter","7.50","","","0.1","0","0","0",
"#45294816231714","PTRBGR3912S","Blumat Classic (jr) Watering Stake","10.00","","","0.1","0","0","0",
"#45294835204386","PTRBGR3913S","Blumat Classic (Jr) XL Automatic Watering Stakes","12.50","","","0.1","0","0","0",
"#44591788425506","PBLBGR3257S","Blumat Digital Moisture Meter 20cm","90.00","","","0.25","24","6","6",
"#45294952022306","PBLBGR3915S","Blumat Distribution Dripper 3mm","2.00","","","0.01","0","0","0",
"#44591788327202","PBLBGR3255S","Blumat Distribution Dripper Kit","20.00","","","0.1","0","0","0",
"#44591788196130","PBLBGR3252S","Blumat Drip System Mini Connectors 3mm","5.00","","","0.1","0","0","0",
"#44591788130594","PBLBGR3251S","Blumat Drip System Mini T Junction 3mm","5.00","","","0.1","0","0","0",
"#44591788294434","PBLBGR3254S","Blumat Drip System Shut-off Valve 8mm","6.50","","","0.1","0","0","0",
"#45294963917090","PBLBGR3916S","Blumat End Distribution Dripper 3mm","2.00","","","0.01","0","0","0",
"#45294740046114","PTRBGR3909S","Blumat Flat Capillary","65.00","","","0.2","0","0","0",
"#45294663434530","PCUBGR3905S","Blumat Hole Cutter","40.00","","","1","0","0","0",
"#44591787999522","PBLBGR3248S","Blumat Hose Connectors 8mm","4.50","","","0.1","0","0","0",
"#44591788392738","PBLBGR3256S","Blumat Hose Support Spikes 10pk","10.00","","","0.1","0","0","0",
"#47134175527202","PTRBGR3908S","Blumat Maxi Carrot - With Tubing & T Piece","12.00","","","0.2","0","0","0",
"#47134175559970","PTRBGR3908S-2","Blumat Maxi Carrot - Without Tubing & T Piece","10.00","","","0.2","0","0","0",
"#44591787868450","PBLBGR3245S","Blumat Pressure Reducer","45.00","","","0.4","0","0","0",
"#45294973518114","PBLBGR3917S","Blumat Protective Dripper Cap","0.50","","","0.01","0","0","0",
"#47134187782434","PTRBGR3918S","Blumat Regular Carrot - With Tubing & T Piece","9.00","","","0.1","0","0","0",
"#47134187815202","PTRBGR3918S-2","Blumat Regular Carrot - Without Tubing & T Piece","8.00","","","0.1","0","0","0",
"#45294938882338","PBLBGR3914S","Blumat Supply Hose 8mm Black, 10m","25.00","","","0.4","0","0","0",
"#44591787901218","PBLBGR3246S","Blumat Supply Hose 8mm White, 10m","35.00","","","0.4","0","0","0",
"#44591788228898","PBLBGR3253S","Blumat T Junction for 8mm Tubing to 3mm Feed Line 3pk","4.50","","","0.1","0","0","0",
"#44591788097826","PBLBGR3250S","Blumat Tank Connector 8 mm","5.00","","","0.1","0","0","0",
"#44591788032290","PBLBGR3249S","Blumat Tee Line & Dripper Junctions","5.00","","","0.1","0","0","0",
"#47087192342818","PCOBGR4052S","Blusoak 2.0 Drip Tape - 10m","60.00","","","0.1","0","0","0",
"#47087192375586","PCOBGR4052S-2","Blusoak 2.0 Drip Tape - 30m","150.00","","","0.1","0","0","0",
"#47087188312354","PBLBGR4051S","Blusoak 4x8' 120x240cm Double Manifold Kit","210.00","","","1","0","0","0",
"#47087186575650","PBLBGR4049S","Blusoak 4x8' 120x240cm Kit","185.00","","","1","0","0","0",
"#45223018201378","PBOGR3872S","Bokashi One Bokashi Mix 1kg","25.00","","","1","0","0","0",
"#45389128696098","PBUPGR3944S","Bud Trainer BudClips® 20pk","25.00","","","0.1","0","0","0",
"#45389133381922","PBU1PGR3945S","Bud Trainer BudHuggers - 16FT/5M","12.95","","","0.1","0","0","0",
"#45389133414690","PBU5PGR3946S","Bud Trainer BudHuggers - 50FT/15M","25.00","","","0.1","0","0","0",
"#46619793850658","PBUPGR3984S","BugsforBugs Blue Sticky Traps","1.99","","","0.1","0","0","0",
"#46620000157986","PBU1PGR3982S","BugsforBugs Yellow Sticky Traps - 1 pack","1.99","","","0.1","0","0","0",
"#46620000190754","PBU1PGR3983S","BugsforBugs Yellow Sticky Traps - 10 pack","17.50","","","0.1","0","0","0",
"#44591789244706","PCACGR3307S","Can-A-Wipes","20.00","","","0","0","0","0",
"#44608468713762","PCA2EGR3631S","Can-Fan Max-Fan - 200mm - 8",300.00"","300.00","","","0","0","0","0",
"#44608468746530","PCA2EGR3632S","Can-Fan Max-Fan - 250mm - 10",350.00"","350.00","","","0","0","0","0",
"#47281073652002","","Canna Aqua Clay 45L Bag","41.00","","","13.3","0","0","0",
"#47280512598306","","Canna Aqua Flores A&B - 10L","255.00","","","25","37","30","23",
"#44599337976098","PCA1NGR3219S","Canna Aqua Flores A&B - 1L","40.00","","","2.4","26","15","12",
"#44599338008866","PCA5NGR3220S","Canna Aqua Flores A&B - 5L","135.00","","","12.5","31","22","20",
"#47280754262306","","Canna Aqua Vega A&B - 2x 10L","275.00","","","25","37","30","23",
"#44599468753186","PCA1VGR3222S","Canna Aqua Vega A&B - 2x 1L","45.00","","","2.4","26","14","12",
"#44599468785954","PCA5VGR3223S","Canna Aqua Vega A&B - 2x 5L","140.00","","","12","31","22","20",
"#44591787442466","PCAFGR3231S","Canna Bio Boost","120.00","","","1.2","26","14","6",
"#45203880608034","PCA1GR3781S","Canna bio Vega - 1L","50.00","","","1.2","26","14","6",
"#47280980001058","","Canna Boost Accelerator - 10L","1300.00","","","12.5","30","23","18",
"#44600275140898","PCA1FGR3232S","Canna Boost Accelerator - 1L","150.00","","","1.2","26","14","6",
"#47280979968290","","Canna Boost Accelerator - 250mL","70.00","","","0.25","17","10","4",
"#44600275173666","PCA5FGR3233S","Canna Boost Accelerator - 5L","600.00","","","6","22","20","16",
"#47280889397538","","Canna Cannazym - 10L","450.00","","","12.5","30","23","18",
"#44601125470498","PCA1GR3242S","Canna Cannazym - 1L","55.00","","","1.2","26","14","6",
"#44601125437730","PCA2GR3241S","Canna Cannazym - 250ml","25.00","","","0.25","17","10","4",
"#44601125503266","PCA5GR3243S","Canna Cannazym - 5L","190.00","","","6","22","20","16",
"#44600366465314","PCA1NGR3625S","Canna Classic Flores A&B - 1L","45.00","","","2.4","26","14","12",
"#44600366530850","PCA2NGR3627S","Canna Classic Flores A&B - 20L","425.00","","","55","44","39","27",
"#44600366498082","PCA5NGR3626S","Canna Classic Flores A&B - 5L","135.00","","","12.5","31","22","20",
"#47379913507106","","Canna Classic Vega A&B - 10L","260.00","","","25","37","30","23",
"#44600533025058","PCA1VGR3217S","Canna Classic Vega A&B - 1L","45.00","","","2.4","26","14","12",
"#47280329457954","","Canna Classic Vega A&B - 20L","425.00","","","55","44","39","27",
"#44600533057826","PCA5VGR3218S","Canna Classic Vega A&B - 5L","140.00","","","12.5","31","22","20",
"#44600633884962","PCA2GR3224S","Canna Coco A&B - 2x 1L","40.00","","","2.4","26","14","12",
"#44600633950498","PCA2GR3226S","Canna Coco A&B - 2x 20L","450.00","","","55","44","39","27",
"#44600633917730","PCA2GR3225S","Canna Coco A&B - 2x 5L","140.00","","","12.5","31","20","20",
"#44600777113890","PCA1AGR3237S","Canna PK 13-14 - 10L","395.00","","","12.5","30","23","18",
"#44600777048354","PCA1AGR3235S","Canna PK 13-14 - 1L","45.00","","","1.2","26","14","6",
"#44600777015586","PCA2AGR3234S","Canna PK 13-14 - 250ml","20.00","","","0.25","17","10","4",
"#44600777081122","PCA5AGR3236S","Canna PK 13-14 - 5L","155.00","","","6","22","20","16",
"#44600947441954","PCA1GR3240S","Canna Rhizotonic - 10L","750.00","","","12.5","30","23","18",
"#44600947409186","PCA1GR3239S","Canna Rhizotonic - 1L","95.00","","","1.2","26","14","6",
"#44600947376418","PCA2GR3238S","Canna Rhizotonic - 250ml","45.00","","","0.25","17","10","4",
"#47280936943906","","Canna Rhizotonic - 5L","385.00","","","6","22","20","16",
"#44601071141154","PCA1GR3227S","Canna Terra Flores - 1L","35.00","","","1.2","26","14","6",
"#47280397746466","","Canna Terra Flores - 20L","375.00","","","27.5","39","27","22",
"#44601071173922","PCA5GR3228S","Canna Terra Flores - 5L","110.00","","","6","22","20","16",
"#47281029710114","","Canna Terra Professional Soil 50L","35.00","","","17","70","40","16",
"#44601119703330","PCA1GR3229S","Canna Terra Vega - 1L","35.00","","","1.2","26","14","6",
"#47280448766242","","Canna Terra Vega - 20L","350.00","","","27.5","39","27","22",
"#44601119736098","PCA5GR3230S","Canna Terra Vega - 5L","125.00","","","5","22","20","16",
"#46666117382434","PCAGR3990S","CannaBrush Trimming Brush","45.00","","","0.1","30","6","3",
"#45575963967778","PCHSGR3968S","Chikamasa Pruning Shears T-550","27.50","","","0.5","0","0","0",
"#45579352015138","PCHSGR3973S","Chikamasa Trimming Scissors","45.00","","","0.25","0","0","0",
"#44591803826466","PCHGGR3590S","Chillagoe Coarse Perlite 100L Bag","50.00","","","8","110","37","20",
"#44591793701154","PCOSGR3398S","CO2 Sensor for DimLux Maxi Controller","750.00","","","0","0","0","0",
"#45056998146338","PCR1AGR3698S","Crystal Clear - Coco Flush And Brix Enhancer - 1L","30.00","","","1","0","0","0",
"#45056998113570","PCR2AGR3697S","Crystal Clear - Coco Flush And Brix Enhancer - 250ml","14.00","","","0.25","0","0","0",
"#46934659793186","PCUGR4014S-3","Cultiv8 Flexible Propagation Heat Mat - Large","0.00","","","0","0","0","0",
"#46934659760418","PCUGR4014S-2","Cultiv8 Flexible Propagation Heat Mat - Medium","45.00","","","0.25","0","0","0",
"#46934659694882","PCUGR4014S","Cultiv8 Flexible Propagation Heat Mat - Small","35.00","","","0.25","0","0","0",
"#46934634070306","PCUCGR4013S","Cultiv8 Heat Mat Thermostat Temperature Controller","45.00","","","0.5","0","0","0",
"#47198403592482","PLAGR4110S","Deep Bowl Reflector | 900m","60.00","","","12","0","0","0",
"#44591784952098","PDIRGR3187S","Diamond Foil 1.2M X 30.5 M","120.00","","","20","0","0","0",
"#44591793537314","PDIGR3395S","DIMLUX 1000W DE EL PLUS (REPLACEMENT LAMP)","0.00","","","0","0","0","0",
"#44591793668386","PDICGR3397S","DimLux CO2 Regulator","300.00","","","0","0","0","0",
"#44591793602850","PDILGR3396S","Dimlux Daylight CMH 315W 3k Agro","150.00","","","0.25","0","0","0",
"#47168588218658","PEA1PGR4102S","Eazy Plug Block | 75 x 75 x 60mm - 1 ea","2.50","","","0.1","0","0","0",
"#47168588251426","PEA1PGR4103S","Eazy Plug Block | 75 x 75 x 60mm - 160 ctn","320.00","","","0.1","0","0","0",
"#47168563904802","PCOPGR4100S","Eazy Plug Seed Sowing Kit","12.00","","","0.1","0","0","0",
"#46934503817506","PEAGR4011S","Eazy Plug Starter Kit","40.00","","","0.25","0","0","0",
"#46934824812834","PUNGR4015S-2","Eazyplug Propagation Plug Tray - 12 cell","12.00","","","0.1","0","0","0",
"#46934824780066","PUNGR4015S-1","Eazyplug Propagation Plug Tray - 24 cell","19.00","","","0.1","0","0","0",
"#47168548503842","PEA7GR4099S","Eazyplug Propagation Plug Tray - 77 cell","25.00","","","0.1","0","0","0",
"#45264581132578","PEDGR3884S","Ed Rosenthal’s Zero Tolerance Herbal Spray","25.00","","","0.6","0","0","0",
"#44591797862690","PELMGR3474S","Elite PCTS pH / Conductivity / TDS / Salinity Cup-sensor Pocket Tester","400.00","","","0.2","0","0","0",
"#44601637601570","PEP2GR3388S","EP Whisper Silencer Fan - 200mm","375.00","","","0","0","0","0",
"#44601637634338","PEP2GR3389S","EP Whisper Silencer Fan - 250mm","425.00","","","0","0","0","0",
"#44601637667106","PEP3GR3390S","EP Whisper Silencer Fan - 300mm","600.00","","","0","0","0","0",
"#46972008268066","PCOGGR4030S","Felco 902 Double Grain Sharpening Stone","60.00","","","0.25","0","0","0",
"#46971986379042","PCO1GGR4027S","Felco 903 Diamond Coated Sharpener/Burnisher","95.00","","","0.25","0","0","0",
"#44601668600098","PFL1AGR3422S","Flairform Budstorm - 1L","29.00","","","1","0","0","0",
"#44601668567330","PFL2AGR3421S","Flairform Budstorm - 250ml","10.00","","","0.25","0","0","0",
"#44601668632866","PFL5AGR3423S","Flairform Budstorm - 5L","125.00","","","5","0","0","0",
"#44601787220258","PFL5FGR3424S","Flairform CMX - 5L","100.00","","","5","0","0","0",
"#44591794749730","PFLPGR3414S","Flairform Conductivity Standard [250ml]","8.00","","","0.25","0","0","0",
"#44591794979106","PFLVGR3419S","Flairform GreenDream 1 A&B","30.00","","","2","0","0","0",
"#44591794913570","PFLFGR3418S","Flairform GreenDream 1 Bloom","20.00","","","1","0","0","0",
"#44591794848034","PFLVGR3417S","Flairform GreenDream 1 Grow","20.00","","","1","0","0","0",
"#44601842401570","PFL2FGR3420S","Flairform GreenDream 2 Bloom A&B - 2x 2L","20.00","","","2","0","0","0",
"#44601960825122","PFL1GR3426S","Flairform Gro Storm - 1L","20.00","","","1","0","0","0",
"#44601960792354","PFL2GR3425S","Flairform Gro Storm - 250ml","15.00","","","0.25","0","0","0",
"#44601960857890","PFL5GR3427S","Flairform Gro Storm - 5L","100.00","","","5","0","0","0",
"#44601845154082","PFL1GR3416S","Flairform pH Buffer 4 - 1L","19.00","","","1","0","0","0",
"#44601845121314","PFL2GR3415S","Flairform pH Buffer 4 - 250ml","7.50","","","0.25","0","0","0",
"#44601883689250","PFL1IGR3429S","Flairform Pythoff - 1L","35.00","","","1","0","0","0",
"#44601883656482","PFL5IGR3428S","Flairform Pythoff - 500ml","15.00","","","0.5","0","0","0",
"#44601883722018","PFL5IGR3430S","Flairform Pythoff - 5L","125.00","","","5","0","0","0",
"#45090473247010","PFLSGR3763S","Flairform Starter Kit","40.00","","","2","0","0","0",
"#44591795568930","PFLAGR3431S","FlairForm StopBloc","35.00","","","0.5","0","0","0",
"#44591795667234","PFLAGR3433S","Flairform Top Wet - Wetting agent 250ml","20.00","","","0.25","0","0","0",
"#44591795601698","PFLAGR3432S","Flairform Topfert 500ml","10.00","","","0.5","0","0","0",
"#45204059881762","PFLGR3782S","Floramax Resin-XS","15.00","","","0.3","0","0","0",
"#45204063879458","PFLGR3783S","Floramax Root-XS","30.00","","","0.27","0","0","0",
"#45259300733218","PFLPGR3882S","Flower Training YoYo's","2.50","","","0.1","0","0","0",
"#45003318591778","PFOLGR3749S","FOHSE Lighting A3i 1500W","4500.00","","","42","0","0","0",
"#45003318788386","PFOLGR3751S","FOHSE Lighting Aries 640W","2800.00","","","32","0","0","0",
"#45003318919458","PFOGR3756S","FOHSE Lighting Controller","900.00","","","0","0","0","0",
"#45003388191010","PFO1LGR3752S","FOHSE Lighting F1V - 1000W","2800.00","","","22","0","0","0",
"#45003369152802","PFO4LGR3755S","FOHSE Lighting F1V - 420W","1800.00","","","18","0","0","0",
"#45003369120034","PFO6LGR3754S","FOHSE Lighting F1V - 640W","2300.00","","","19","0","0","0",
"#45003369087266","PFO8LGR3753S","FOHSE Lighting F1V - 800W","2700.00","","","21","0","0","0",
"#45003318722850","PFOLGR3750S","FOHSE Lighting Scorpio 1000W","3500.00","","","32.5","0","0","0",
"#44591798550818","PFUAGR3486S","FU 63 1L","15.00","","","1","0","0","0",
"#44591798878498","PGALGR3490S","Gavita 400W Enhanced HPS Lamp","65.00","","","0","0","0","0",
"#44591798649122","PGALGR3487S","Gavita 6/750 W EL DE Lamp","150.00","","","0","0","0","0",
"#44591798944034","PGAEGR3491S","Gavita Master Controller EL1","550.00","","","0","0","0","0",
"#44591798780194","PGALGR3489S","Gavita Pro EL DE HPS Lamp - 6/750W","125.00","","","0","0","0","0",
"#44591798714658","PGALGR3488S","Gavita Pro EL HPS 600W LAMP","99.00","","","0","0","0","0",
"#44591799009570","PGALGR3492S","Gavita Reflector Replacement 1000w","70.00","","","0","0","0","0",
"#44602448249122","PGALGR3628S","Gavita Reflector Replacement 400-600w","60.00","","","0","0","0","0",
"#44591789965602","PGELGR3322S","GE Lucagrow 400W HPS Lamp","45.00","","","0","0","0","0",
"#44602455195938","PGELGR3629S","GE Lucagrow 600W HPS Lamp","55.00","","","0","0","0","0",
"#45293775847714","PGR1FGR3904S","GrassRoots Bottomless Fabric Pot Tan - 1Gal/3.8L","10.00","","","0.2","0","0","0",
"#45293762117922","PGR2WFGR3897S","Grassroots Living Soil Beds - 2'x4'x1.5' | 55x115x45cm / With Trellis","175.00","","","10","0","0","0",
"#45293707034914","PGR2WFGR3896S","Grassroots Living Soil Beds - 2'x4'x1.5' | 55x115x45cm / Without Trellis","160.00","","","10","0","0","0",
"#45293762150690","PGR3WFGR3899S","Grassroots Living Soil Beds - 3'x3'x1.5' | 85x85x45cm / With Trellis","210.00","","","10","0","0","0",
"#45293736788258","PGR3WFGR3898S","Grassroots Living Soil Beds - 3'x3'x1.5' | 85x85x45cm / Without Trellis","195.00","","","10","0","0","0",
"#45293762183458","PGR4WFGR3901S","Grassroots Living Soil Beds - 4'x4'x1.5' | 115x115x45cm / With Trellis","215.00","","","10","0","0","0",
"#45293736821026","PGR4WFGR3900S","Grassroots Living Soil Beds - 4'x4'x1.5' | 115x115x45cm / Without Trellis","200.00","","","10","0","0","0",
"#45293762216226","PGR4WFGR3903S","Grassroots Living Soil Beds - 4'x8'x1.5' | 115x245x45cm / With Trellis","325.00","","","10","0","0","0",
"#45293736853794","PGR4WFGR3902S","Grassroots Living Soil Beds - 4'x8'x1.5' | 115x245x45cm / Without Trellis","310.00","","","20","0","0","0",
"#45293644382498","PGR1FGR3895S","GrassRoots Living Soil Fabric Pot - 100Gal/378L","105.00","","","5","0","0","0",
"#45293644284194","PGR1FGR4002S","GrassRoots Living Soil Fabric Pot - 10Gal/38L","20.00","","","0.5","0","0","0",
"#45293644316962","PGR1FGR3893S","GrassRoots Living Soil Fabric Pot - 15Gal/57L","30.00","","","0.5","0","0","0",
"#45293644349730","PGR3FGR3894S","GrassRoots Living Soil Fabric Pot - 30Gal/114L","35.00","","","1","45","24","4",
"#45293644251426","PGR3FGR3891S","GrassRoots Living Soil Fabric Pot - 3Gal/11L","11.00","","","0.2","0","0","0",
"#46742294462754","PGR1FGR3892S","GrassRoots Living Soil Fabric Pot - 7Gal/27L","15.00","","","0.5","0","0","0",
"#46758622757154","PGRGR4003S","Grassroots Transplanter Fabric Pot","15.00","","","0.01","0","0","0",
"#44602525286690","PGR1MGR3189S","Great White Premium Mycorrhizae - 150g","60.00","","","0.15","0","0","0",
"#44602525319458","PGR7MGR3190S","Great White Premium Mycorrhizae - 750g","215.00","","","0.75","0","0","0",
"#45264575004962","PGRGR3883S","Green Cleaner Natural IPM 236ml","90.00","","","0.3","0","0","0",
"#45057077838114","PGR2NGR3691S","Green Diamond (A+B) - Full Spectrum Base Nutrient - 2x 1L","44.00","","","1.7","0","0","0",
"#45232018587938","PGR2NGR3692S","Green Diamond (A+B) - Full Spectrum Base Nutrient - 2x 5L","95.00","","","10","0","0","0",
"#44835899769122","PGR1FGR3508S","Green Planet - Pro Cal - 1L","15.00","","","1.11","18","13","7",
"#44835899834658","PGR2FGR3510S","Green Planet - Pro Cal - 20L","200.00","","","20","36","28","28",
"#44835899801890","PGR5FGR3509S","Green Planet - Pro Cal - 5L","50.00","","","5.74","26","19","14",
"#44904477753634","PGR1AGR3501S","Green Planet - Vitathrive Propagation Solution - 1L","55.00","","","1.11","18","13","7",
"#44904477819170","PGR2AGR3503S","Green Planet - Vitathrive Propagation Solution - 20L","0.00","","","20","0","0","0",
"#44904477786402","PGR5AGR3502S","Green Planet - Vitathrive Propagation Solution - 5L","220.00","","","5.74","26","19","14",
"#44601367232802","PGR2NGR3504S","Green Planet Dual Fuel 2Part - 2x 1L","35.00","","","2","0","0","0",
"#47263424446754","","Green Planet Dual Fuel 2Part - 2x 5L","85.00","","","10","0","0","0",
"#44602498384162","PGR1FGR3493S","Green Planet GP3 Bloom - 1L","20.00","","","1.11","18","13","7",
"#44602498449698","PGR2FGR3495S","Green Planet GP3 Bloom - 20L","0.00","","","32","0","0","0",
"#44602498416930","PGR5FGR3494S","Green Planet GP3 Bloom - 5L","60.00","","","6","0","0","0",
"#44602506576162","PGR1GR3496S","Green Planet GP3 Grow - 1L","20.00","","","1.11","18","13","7",
"#44602506641698","PGR2GR3498S","Green Planet GP3 Grow - 20L","200.00","","","32","0","0","0",
"#44602506608930","PGR5GR3497S","Green Planet GP3 Grow - 5L","60.00","","","6","0","0","0",
"#44602510836002","PGR1AGR3499S","Green Planet GP3 Micro - 1L","22.00","","","1.11","18","13","7",
"#47263518228770","","Green Planet GP3 Micro - 20L","250.00","","","32","0","0","0",
"#44602510868770","PGR5AGR3500S","Green Planet GP3 Micro - 5L","75.00","","","6","0","0","0",
"#44608358154530","PGR1FGR3511S","Green Planet Massive Bloom - 1L","20.00","","","1.11","18","13","7",
"#44608358220066","PGR2FGR3513S","Green Planet Massive Bloom - 20L","200.00","","","32","0","0","0",
"#44608358187298","PGR5FGR3512S","Green Planet Massive Bloom - 5L","50.00","","","6","0","0","0",
"#44835746644258","PGR1AGR3505S","Green Planet PK Spike - 1L","25.00","","","1.11","18","13","7",
"#44835746709794","PGR2AGR3507S","Green Planet PK Spike - 20L","200.00","","","32","0","0","0",
"#44835746677026","PGR5AGR3506S","Green Planet PK Spike - 5L","60.00","","","5","0","0","0",
"#44602526105890","PGR1GGR3515S","Grodan Rockwool 4G 42/40 Hole 75mm Block - 1 ea","1.00","","","0.01","0","0","0",
"#44602526138658","PGRCGGR3516S","Grodan Rockwool 4G 42/40 Hole 75mm Block - CTN/384","300.00","","","0.5","0","0","0",
"#44591799828770","PGRGGR3514S","Grodan Rockwool MM 40/40 Cubes","0.50","","","0.01","0","0","0",
"#44602571555106","PGR4FGR3324S","Grotek Bud Fuel - 4L","85.00","","","4","0","0","0",
"#44602578960674","PGR1AGR3325S","Grotek Cal-Max - 1L","25.00","","","1","0","0","0",
"#44602578993442","PGR4AGR3326S","Grotek Cal-Max - 4L","0.00","","","4","0","0","0",
"#45210925924642","PGRGR3866S","Grotek Carbo-max","15.00","","","0.2","0","0","0",
"#44602619822370","PGR4GR3327S","Grotek Heavy Bud - 4L","125.00","","","4","0","0","0",
"#44602626605346","PGR1AGR3328S","Grotek Vitamax Plus - 1L","0.00","","","1","0","0","0",
"#44602626638114","PGR4AGR3329S","Grotek Vitamax Plus - 4L","90.00","","","4","0","0","0",
"#45336002429218","PGR1OCGR3924S","Grovebags Terploc - 1 Ounce 28g Pouch / Opaque","5.50","","","0.1","0","0","0",
"#45336002461986","PGR1WCGR3925S","Grovebags Terploc - 1 Ounce 28g Pouch / Window","5.50","","","0.1","0","0","0",
"#45336002560290","PGR1OCGR3928S","Grovebags Terploc - 1 Pound 454g Pouch / Opaque","14.00","","","0.1","0","0","0",
"#45336002593058","PGR1WCGR3929S","Grovebags Terploc - 1 Pound 454g Pouch / Window","14.00","","","0.1","0","0","0",
"#45336002494754","PGR1OCGR3926S","Grovebags Terploc - 1/2 Pound 227g Pouch / Opaque","9.50","","","0.01","0","0","0",
"#45336002527522","PGR1WCGR3927S","Grovebags Terploc - 1/2 Pound 227g Pouch / Window","9.50","","","0.1","0","0","0",
"#45336002363682","PGR1OCGR3922S","Grovebags Terploc - 1/4 Ounce 7g Pouch / Opaque","2.00","","","0.1","0","0","0",
"#45336002396450","PGR1WCGR3923S","Grovebags Terploc - 1/4 Ounce 7g Pouch / Window","2.00","","","0.1","0","0","0",
"#45336002625826","PGR2OCGR3930S","Grovebags Terploc - 2 Pound Pouch / Opaque","20.00","","","0.1","0","0","0",
"#45336002658594","PGR2WCGR3931S","Grovebags Terploc - 2 Pound Pouch / Window","20.00","","","0.1","0","0","0",
"#45389143408930","PGR2CGR3947S","Grovebags Terploc Tote Liner - 20Gal 75.7L","20.00","","","0.1","0","0","0",
"#45389141279010","PGR2CGR3948S","Grovebags Terploc Tote Liner - 27Gal 102L","20.00","","","0.1","0","0","0",
"#46665506947362","PGR1AGR3989S","Grow Genius Mono-Silicic - 100ml","85.00","","","0.1","0","0","0",
"#46665506881826","PGR1AGR3988S","Grow Genius Mono-Silicic - 10ml","35.00","","","0.05","0","0","0",
"#44599155392802","PGR1FGR3481S","Growhard Brix + - 1L","40.00","","","1","0","0","0",
"#44599155425570","PGR5FGR3482S","Growhard Brix + - 5L","140.00","","","5","0","0","0",
"#44591798386978","PGRFGR3483S","Growhard Bud Juice 1L","75.00","","","1","0","0","0",
"#44608048136482","PGR1FGR3526S","Growhard Liquid Lead - 1L","35.00","","","1","0","0","0",
"#44608048169250","PGR5FGR3527S","Growhard Liquid Lead - 5L","95.00","","","5","0","0","0",
"#44591790063906","PGRGGR3323S","Growool Premium Floc 13.6kg","99.00","","","13","0","0","0",
"#44602635976994","PGR3PGR3591S","GrowRite Root Plus Pots - 300mm DIAM X 290mm 21L","10.00","","","0.25","120","29","4",
"#44602636009762","PGR4PGR3592S","GrowRite Root Plus Pots - 400mm  DIAM X 400mm 45L","20.00","","","0.5","134","41","4",
"#44602636042530","PGR5PGR3593S","GrowRite Root Plus Pots - 540mm  DIAM X 460mm 100L","35.00","","","1","180","41","4",
"#45398065479970","PGRNGR3955S","Growth Technology Chilli Focus 250ml","10.00","","","0.3","0","0","0",
"#45398040838434","PGRNGR3951S","Growth Technology Clonex Clone Solution 250ml","20.00","","","0.1","8","5","5",
"#45398044803362","PGRNGR3952S","Growth Technology Clonex Rooting Gel - Purple 50ml","14.00","","","0.1","0","0","0",
"#46739213254946","PUN1GR4000S","Growth Technology Foliage Focus - 1L","21.00","","","1.25","21","16","8",
"#46739213222178","PUN2GR3999S","Growth Technology Foliage Focus - 250ml","10.00","","","0.3","0","0","0",
"#45398035562786","PGRNGR3950S","Growth Technology GT Foliar Spray 500ml","15.00","","","0.5","0","0","0",
"#45398052340002","PGRNGR3954S","Growth Technology Orchid Focus 250ml","10.00","","","0.3","0","0","0",
"#45398047195426","PGRNGR3953S","Growth Technology Orchid Focus Grow 250ml","10.00","","","0.3","0","0","0",
"#44835364634914","PGR1AGR3369S","Growth Technology Oxy-Plus - 1L","25.00","","","1.2","21","16","8",
"#44835364602146","PGR5AGR3368S","Growth Technology Oxy-Plus - 500ml","15.00","","","0.5","0","0","0",
"#44835365454114","PGR5AGR3370S","Growth Technology Oxy-Plus - 5L","95.00","","","5","0","0","0",
"#46739216433442","PUNGR4001S","Growth Technology Rootzone 250ml","29.00","","","0.3","0","0","0",
"#45398069739810","PGRNGR3956S","Growth Technology Vegetable Focus 250ml","10.00","","","0.3","0","0","0",
"#45519354659106","PHNGR3966S","H&G 1L Power Pack","2500.00","","","10","0","0","0",
"#46167273079074","PHNGR3981S","H&G 500mL Power Pack","500.00","","","5","0","0","0",
"#44591785115938","PHALGR3191S","Hangups Light Hangers Set of 2","10.00","","","0.1","0","0","0",
"#45389200097570","PHATGR3949S","Harvest-More TrimBin","95.00","","","0.5","0","0","0",
"#44591797535010","PHILGR3468S","Hi-Par Digital Ballast 315W","300.00","","","0","0","0","0",
"#44591797600546","PHICGR3469S","Hi-Par Hi Shine Reflector Wipes","20.00","","","0","0","0","0",
"#46666396074274","PHI1SGR3995S","High Powered Organics Alfa-Mulch - 10L","45.00","","","4","0","0","0",
"#46666396107042","PHI2SGR3996S","High Powered Organics Alfa-Mulch - 20L","85.00","","","10","0","0","0",
"#46666396041506","PHI3SGR3994S","High Powered Organics Alfa-Mulch - 3L","15.00","","","1","0","0","0",
"#44935097844002","PHI1AGR3655S","High Powered Organics ANTI-MATTER - 10g","6.00","","","0","0","0","0",
"#44935097942306","PHI2AGR3657S","High Powered Organics ANTI-MATTER - 250g","120.00","","","0.3","0","0","0",
"#44935097876770","PHI6AGR3656S","High Powered Organics ANTI-MATTER - 60g","47.00","","","0.1","0","0","0",
"#44935108231458","PHI1AGR3666S","High Powered Organics AQUA-MARINE BLOOM - 10g","5.00","","","0.02","0","0","0",
"#44935108329762","PHI2AGR3668S","High Powered Organics AQUA-MARINE BLOOM - 250g","75.00","","","0.25","0","0","0",
"#44935108264226","PHI6AGR3667S","High Powered Organics AQUA-MARINE BLOOM - 60g","22.00","","","0.1","0","0","0",
"#45137511973154","PHI1AGR3772S","High Powered Organics AQUA-MARINE GROW - 10g","5.00","","","0.02","0","0","0",
"#45137512038690","PHI2AGR3774S","High Powered Organics AQUA-MARINE GROW - 250g","75.00","","","0.25","0","0","0",
"#45137512005922","PHI6AGR3773S","High Powered Organics AQUA-MARINE GROW - 60g","22.00","","","0.1","0","0","0",
"#44935095648546","PHI1AGR3649S","High Powered Organics DARK-MATTER - 10g","6.00","","","0.1","0","0","0",
"#44935095746850","PHI2AGR3651S","High Powered Organics DARK-MATTER - 250g","120.00","","","0.3","0","0","0",
"#44935095681314","PHI6AGR3650S","High Powered Organics DARK-MATTER - 60g","37.00","","","0.3","0","0","0",
"#45131702796578","PHI1AGR3768S","High Powered Organics GREEN-SUPREME - 10g","6.00","","","0","0","0","0",
"#45131702862114","PHI1AGR3769S","High Powered Organics GREEN-SUPREME - 125g","45.00","","","0.15","0","0","0",
"#45131708530978","PHI2AGR3770S","High Powered Organics GREEN-SUPREME - 250g","85.00","","","0.3","0","0","0",
"#44935077036322","PHI2GGR3642S","High Powered Organics GRO-DIRT - 20L","55.00","","","8.9","0","0","0",
"#44935077069090","PHI4GGR3643S","High Powered Organics GRO-DIRT - 40L","95.00","","","18","50","40","15",
"#44935080476962","PHI2GGR3644S","High Powered Organics GRO-DIRT-Lite - 20L","40.00","","","7.4","0","0","0",
"#44935080509730","PHI4GGR3645S","High Powered Organics GRO-DIRT-Lite - 40L","65.00","","","14.8","0","0","0",
"#44935092699426","PHI2GGR3646S","High Powered Organics GUERRILLA GRO-DIRT - 20L","40.00","","","8.9","0","0","0",
"#44935084081442","PHI4GGR3647S","High Powered Organics GUERRILLA GRO-DIRT - 40L","65.00","","","18","0","0","0",
"#44935104790818","PHI1FGR3662S","High Powered Organics HERB-SUPERB Mega Yield - 1L","35.00","","","1.5","0","0","0",
"#44935104823586","PHI3FGR3663S","High Powered Organics HERB-SUPERB Mega Yield - 3L","95.00","","","4","0","0","0",
"#46666182066466","PHI1GR3991S","High Powered Organics Humic Compost - 1L","6.50","","","1","0","0","0",
"#46666182328610","PHI2GR3993S","High Powered Organics Humic Compost - 20L","35.00","","","15","0","0","0",
"#46666182295842","PHI3GR3992S","High Powered Organics Humic Compost - 3L","15.50","","","3","0","0","0",
"#44935090274594","PHI4GGR3648S","High Powered Organics ISLAND-BLEND Super Coco - 40L","60.00","","","17.2","0","0","0",
"#44935111639330","PHI1AGR3669S","High Powered Organics OCEAN-POTION - 10g","6.00","","","0.02","0","0","0",
"#44935111704866","PHI2AGR3671S","High Powered Organics OCEAN-POTION - 250g","75.00","","","0.3","0","0","0",
"#44935111672098","PHI6AGR3670S","High Powered Organics OCEAN-POTION - 60g","22.00","","","0.1","0","0","0",
"#44935096631586","PHI1AGR3652S","High Powered Organics RHIZO-MOJO - 10g","5.00","","","0.02","0","0","0",
"#44935096729890","PHI2AGR3654S","High Powered Organics RHIZO-MOJO - 250g","195.00","","","0.3","0","0","0",
"#44935096664354","PHI6AGR3653S","High Powered Organics RHIZO-MOJO - 60g","55.00","","","0.1","0","0","0",
"#44935105577250","PHI1SGR3664S","High Powered Organics STONE-AGE - 1L","35.00","","","2","0","0","0",
"#44935105610018","PHI3SGR3665S","High Powered Organics STONE-AGE - 3L","95.00","","","5","0","0","0",
"#47249229709602","","High Powered Organics Super Starter - 1L","8.50","","","0.5","0","0","0",
"#47249229775138","","High Powered Organics Super Starter - 20L","35.00","","","8.9","0","0","0",
"#47249229742370","","High Powered Organics Super Starter - 3L","16.50","","","1.2","0","0","0",
"#45381099421986","PHLLGR3943S","HLG 350R Diablo w. Reflectors","999.00","","","6","0","0","0",
"#44937178906914","PHLLGR3672S","HLG 700 Rspec FR","1500.00","","","10","0","0","0",
"#44937178939682","PHLLGR3673S","HLG 750 Diablo","1800.00","","","10","0","0","0",
"#44937179005218","PHLLGR3675S","HLG Scorpion Diablo 720W with reflectors","2199.00","","","10","0","0","0",
"#44937178972450","PHLGR3674S","HLG Scorpion Rspec FR","1700.00","","","15","0","0","0",
"#45122305556770","PHMMGR3765S","HM Com-80 EC TDS Digital Meter Pen","50.00","","","0.1","0","0","0",
"#44591790588194","PHOTGR3335S","Hortitek LMU Light Management Unit 4","150.00","","","0","0","0","0",
"#44602669367586","PHO1AGR3440S","House & Garden Algen Extract - 1L","0.00","","","1","0","0","0",
"#44602669400354","PHO5AGR3441S","House & Garden Algen Extract - 5L","500.00","","","5","0","0","0",
"#44602672283938","PHO1AGR3443S","House & Garden Amino Treatment - 1L","180.00","","","1","0","0","0",
"#44602672251170","PHO2AGR3442S","House & Garden Amino Treatment - 250ml","75.00","","","0.25","0","0","0",
"#44602689290530","PHO1AGR3438S","House & Garden Aqua Flakes A&B - 1L","35.00","","","1","0","0","0",
"#44602689323298","PHO5AGR3439S","House & Garden Aqua Flakes A&B - 5L","110.00","","","5","0","0","0",
"#44607161106722","PHO1FGR3445S","House & Garden Bud XL - 1L","85.00","","","1","0","0","0",
"#44607161172258","PHO2FGR3447S","House & Garden Bud XL - 20L","1100.00","","","20","0","0","0",
"#44607164317986","PHO5FGR3444S","House & Garden Bud XL - 500ml","60.00","","","0.5","0","0","0",
"#44607161139490","PHO5FGR3446S","House & Garden Bud XL - 5L","385.00","","","5","0","0","0",
"#44607193645346","PHO1AGR3450S","House & Garden Drip Clean - 1L","95.00","","","0","0","0","0",
"#44607193579810","PHO2AGR3448S","House & Garden Drip Clean - 250ml","35.00","","","0.25","0","0","0",
"#44607193612578","PHO5AGR3449S","House & Garden Drip Clean - 500ml","60.00","","","0","0","0","0",
"#44607223857442","PHO2AGR3451S","House & Garden Magic Green Foliar Spray - 250ml","55.00","","","0.25","0","0","0",
"#44607232180514","PHO1AGR3453S","House & Garden Multizyme - 1L","70.00","","","1","0","0","0",
"#44607232147746","PHO5AGR3452S","House & Garden Multizyme - 500ml","0.00","","","0.5","0","0","0",
"#44607232213282","PHO5AGR3454S","House & Garden Multizyme - 5L","285.00","","","5","0","0","0",
"#44591796879650","PHOVGR3455S","House & Garden N27% Nitrogen 1L","80.00","","","1","0","0","0",
"#45211067449634","PHOGR3867S","House & Garden Rhizo Force","30.00","","","0.3","0","0","0",
"#44837259051298","PHO2GR3456S","House & Garden Roots Excelurator - 250ml","130.00","","","0.25","0","0","0",
"#44837259084066","PHO5GR3457S","House & Garden Roots Excelurator - 500ml","190.00","","","0.5","0","0","0",
"#44837259116834","PHO5GR3458S","House & Garden Roots Excelurator - 5L","1000.00","","","5","0","0","0",
"#44607244468514","PHO2NGR3459S","House & Garden Soil Nutrient Part A&B - 2x 1L","45.00","","","2","0","0","0",
"#44607244501282","PHO2NGR3460S","House & Garden Soil Nutrient Part A&B - 2x 5L","125.00","","","10","0","0","0",
"#44607263506722","PHO1FGR3462S","House & Garden Top Booster - 1L","55.00","","","1","0","0","0",
"#44607263572258","PHO2FGR3464S","House & Garden Top Booster - 20L","600.00","","","20","0","0","0",
"#44607263539490","PHO5FGR3463S","House & Garden Top Booster - 5L","0.00","","","5","0","0","0",
"#44607267340578","PHO1GR3467S","House & Garden Top Shooter - 1L","290.00","","","1","0","0","0",
"#44607267275042","PHO2GR3465S","House & Garden Top Shooter - 250ml","85.00","","","0.25","0","0","0",
"#44607267307810","PHO5GR3466S","House & Garden Top Shooter - 500ml","150.00","","","0.5","0","0","0",
"#44607271338274","PHO2GR3461S","House & Garden Trace Mix - 250ml","20.00","","","0.25","0","0","0",
"#45211165262114","PHOHGR3869S","House & Garden trial packs - Hydro","250.00","","","3.7","0","0","0",
"#45211165229346","PHOSGR3868S","House & Garden trial packs - Soil","250.00","","","3.7","0","0","0",
"#44591790489890","PHYFGR3333S","Hydro Axis Box Fan 45W 12?","45.00","","","2.5","43","40","19",
"#44591790358818","PHYTGR3330S","Hydro Axis Digital Seconds Timer","45.00","","","0.25","10.5","19","9",
"#44591790391586","PHYFGR3331S","Hydro Axis Oscillating Wall Fan 50W 16",40.00"","40.00","","","3.5","44","43.5","20",
"#47087075295522","PHY1GR4046S","Hydro Axis Scrog Trellis Net - 100x100cm","10.00","","","0.1","10","10","2",
"#47087094563106","PHY1GR4048S","Hydro Axis Scrog Trellis Net - 120x120cm","12.50","","","0.2","10","10","2",
"#47087075328290","PHY1GR4047S","Hydro Axis Scrog Trellis Net - 150x150cm","15.00","","","0.1","10","10","2",
"#44591799894306","PHYIGR3517S","Hydro Halo Water Ring 6 Inch (2 Pack)","14.00","","","0.5","0","0","0",
"#44591799959842","PHYGR3518S","Hydro Halo Water Ring 9 Inch (2 Pack)","20.00","","","0.5","0","0","0",
"#47031932518690","PSEPGR4034S","Hydro Seedling Tray","5.00","","","0.25","0","0","0",
"#45055639322914","PINSGR3757S","In The Loop Premium Worm Casting 10L","25.00","","","10","0","0","0",
"#44591800418594","PINPGR3525S","Insect Glue Traps – 10 pack","15.00","","","0.1","0","0","0",
"#44591787770146","PINDGR3244S","Integra 67 g 55% R.H","6.00","","","0","0","0","0",
"#46934417768738","PINGR4009S","IntroGro LED Grow Bars - 26W / 42W","70.00","","","0","0","0","0",
"#44929468203298","PIOCGR3638S","ION+DFCON -
Humidistat control for EcorPro DryFan","250.00","","","1","0","0","0",
"#44934506479906","PIODGR3641S","Ionmax ION610","379.00","","","5.1","0","0","0",
"#44934457786658","PIODGR3640S","Ionmax Rhine","600.00","","","19","0","0","0",
"#47174279168290","PCOEDGR4105S","Ionmax+ DF12PRO Dehumidifier - Epoxy White","2200.00","","","6.4","0","0","0",
"#47174279201058","PCOSDGR4106S","Ionmax+ DF12PRO Dehumidifier - Stainless Steel","2250.00","","","6.4","0","0","0",
"#47174242369826","PIODGR3633S","Ionmax+ DF8PRO Dehumidifier - Epoxy White","1750.00","","","4.8","0","0","0",
"#47174242402594","PIODGR3633S-2","Ionmax+ DF8PRO Dehumidifier - Stainless Steel","1900.00","","","4.8","0","0","0",
"#44929468268834","PIODGR3639S","Ionmax+ ED18","2800.00","","","13","0","0","0",
"#44608035258658","PIS1EGR3215S","ISO-Max Silenced Fan | 3 Speed Control - 150mm","360.00","","","6","0","0","0",
"#44608035291426","PIS2EGR3216S","ISO-Max Silenced Fan | 3 Speed Control - 200mm","350.00","","","8","0","0","0",
"#44591803597090","PISGR3587S","Isopropyl Alcohol - IPA Isopropanol 100% 5L","25.00","","","5","0","0","0",
"#45518271119650","PJABGGR3963S","Japanese Banshu Grip Scissors - Blade length  25mm Total length  125mm","85.00","","","1","0","0","0",
"#45518271152418","PJABGGR3964S","Japanese Banshu Grip Scissors - Blade length  37mm Total length  107mm","90.00","","","1","0","0","0",
"#45518271185186","PJABGGR3965S","Japanese Banshu Grip Scissors - Blade length  40mm Total length  120mm","95.00","","","1","0","0","0",
"#44904190968098","PJU12TGR3379S","Jungle Room Tents - 120cm X 120cm / 200cm","180.00","","","24","125","25","15",
"#44904191033634","PJU22TGR3381S","Jungle Room Tents - 295cm X 295cm / 200cm","550.00","","","60","0","0","0",
"#44904191000866","PJU32TGR3380S","Jungle Room Tents - 300cm X 150cm / 200cm","450.00","","","28","155","32","20",
"#44904277213474","PJU32TGR3382S","Jungle Room Tents - 300cm X 450cm / 230cm","950.00","","","80","0","0","0",
"#44904277246242","PJU62TGR3383S","Jungle Room Tents - 600cm X 300cm / 230cm","1650.00","","","90","0","0","0",
"#45475766567202","PJUTGR3957S","Jungle Room Universal Support Poles Kit","20.00","","","1","0","0","0",
"#44591790522658","PKISGR3334S","Kitchen Scale Chefs Aid 0.1g to 3kg","20.00","","","0.28","0","0","0",
"#47163375124770","PMMGR4017S-2","LFG 25mm Green Pinchring Staking Clip 50pk - 500pk","55.00","","","0.01","0","0","0",
"#47163375092002","PMMGR4017S","LFG 25mm Green Pinchring Staking Clip 50pk - 50pk","7.50","","","0.01","0","0","0",
"#45868672483618","PLFCGR3980S","LFG CO2 Diffusion Hose Kit","55.00","","","0.25","0","0","0",
"#45868574376226","PLFCGR3979S","LFG CO2 Solenoid Regulator","145.00","","","1","0","0","0",
"#47025556029730","PLFGR4032S","LFG Daisy Grow Clip 20 Pack","20.00","","","0.1","0","0","0",
"#45868516016418","PLFCGR3978S","LFG Digital CO2 Controller","600.00","","","1","0","0","0",
"#47168094142754","PMA1GR4084S","Mammoth P - 120mL","100.00","","","0","0","0","0",
"#47168094241058","PMA1GR4087S","Mammoth P - 1L","360.00","","","0","0","0","0",
"#47168094175522","PMA2GR4085S","Mammoth P - 250mL","180.00","","","0","0","0","0",
"#47168094273826","PMA4GR4088S","Mammoth P - 4L","875.00","","","0","0","0","0",
"#47168094208290","PMA5GR4086S","Mammoth P - 500mL","250.00","","","0","0","0","0",
"#47168093978914","PMA6GR4078S","Mammoth P - 60mL","90.00","","","0","0","0","0",
"#47168123830562","PMA1MGR4097S","Mammoth Si - 1L","140.00","","","1","0","0","0",
"#47168123765026","PMA2MGR4095S","Mammoth Si - 250mL","50.00","","","0.25","0","0","0",
"#47168123863330","PMA4MGR4098S","Mammoth Si - 3.78L","575.00","","","4","0","0","0",
"#47168123797794","PMA5MGR4096S","Mammoth Si - 500mL","75.00","","","0.5","0","0","0",
"#44608420675874","PMA2FGR3184S","Max Fan Pro - 200mm","295.00","","","8","0","0","0",
"#44608420708642","PMA2FGR3185S","Max Fan Pro - 250mm","400.00","","","10","0","0","0",
"#47284086735138","","Measuring Jug - 3L","15.00","","","0.25","0","0","0",
"#47086637809954","PME5GR4042S","Measuring Jug - 500mL","5.00","","","0.01","0","0","0",
"#47284073496866","","Measuring Jug - 5L","18.00","","","0.25","0","0","0",
"#44841889825058","PME1MGR3211S","Measuring Syringe for Nutrients - 10mL","1.50","","","0.01","0","0","0",
"#44841889890594","PME2MGR3212S","Measuring Syringe for Nutrients - 20mL","2.50","","","0.01","0","0","0",
"#44841889956130","PME5MGR3213S","Measuring Syringe for Nutrients - 50mL","5.00","","","0.01","0","0","0",
"#44591785279778","PMIPGR3193S","Mite-Rid 45ml","20.00","","","0.045","0","0","0",
"#44591785869602","PMOGR3201S","Mojocow Propagation Light Kit","70.00","","","1.2","0","0","0",
"#44591790620962","PMOCGR3336S","Mountain Air Carbon Filter 150mm - 500mm","140.00","","","9.2","0","0","0",
"#44608089653538","PMOCGR3630S","Mountain Air Carbon Filter 200 X 500","275.00","","","11.2","0","0","0",
"#44608101581090","PMO1EGR3337S","Mountain Air EC Whisper Silencer Fan - 150MM - 6",475.00"","475.00","","","0","0","0","0",
"#44608101613858","PMO2EGR3338S","Mountain Air EC Whisper Silencer Fan - 200MM - 8",550.00"","550.00","","","0","0","0","0",
"#44608101646626","PMO2EGR3339S","Mountain Air EC Whisper Silencer Fan - 250MM - 10",650.00"","650.00","","","0","0","0","0",
"#44591792390434","PNLPGR3374S","NL Scarid 10 100ml","25.00","","","0.1","0","0","0",
"#44835086467362","PNU1AGR3529S","Nutriboost Concentrate - 1L","65.00","","","1","0","0","0",
"#44835086500130","PNU5AGR3528S","Nutriboost Concentrate - 500ML","25.00","","","0.5","0","0","0",
"#47407431745826","","Nutrifield Auto Feed 4 Pot XL Extension Kit 27L","250.00","","AU","5.6","64","40","35",
"#47323990229282","","Nutrifield AutoFeed 4 Pot Autopot System","250.00","","","6.6","64","40","35",
"#44613642191138","PNU1FGR3353S","Nutrifield Bud Burst - 1L","22.50","","","1.2","24","9","8.75",
"#44613642256674","PNU2FGR3355S","Nutrifield Bud Burst - 20L","0.00","","","22.5","37","28","28",
"#44613642223906","PNU5FGR3354S","Nutrifield Bud Burst - 5L","75.00","","","5.5","30.5","20","13.5",
"#44613666603298","PNU1AGR3356S","Nutrifield Cargo Boost - 1L","25.00","","","1","24","9","8.75",
"#44613689606434","PNU1NGR3347S","Nutrifield Coco A&B - 1L","30.00","","","2.4","24","20","9",
"#44613689671970","PNU2NGR3349S","Nutrifield Coco A&B - 20L","240.00","","","50","56","37","28",
"#44613689639202","PNU5NGR3348S","Nutrifield Coco A&B - 5L","75.00","","","12","0","0","0",
"#44614731071778","PNU1AGR3357S","Nutrifield Crystalic - 1L","35.00","","","1","24","9","8.75",
"#44616097693986","PNU2FGR3350S","Nutrifield Elements Bloom A&B - 2x 5L","60.00","","","10","0","0","0",
"#44615869038882","PNU1VGR3351S","Nutrifield Elements Grow A&B - 1L","35.00","","","1","24","20","8.75",
"#44615869071650","PNU5VGR3352S","Nutrifield Elements Grow A&B - 5L","65.00","","","5","0","0","0",
"#47323977220386","","Nutrifield Expanded Clay Balls 50L","55.00","","AU","22","60","35","30",
"#44616368980258","PNU1AGR3358S","Nutrifield Flavor Savior Ocean Mist - 1L","35.00","","","1","24","9","8.75",
"#44616369013026","PNU5AGR3359S","Nutrifield Flavor Savior Ocean Mist - 5L","120.00","","","5","0","0","0",
"#44645149802786","PNU1AGR3360S","Nutrifield Fulife - 1L","20.00","","","1","24","9","8.75",
"#44645149835554","PNU5AGR3361S","Nutrifield Fulife - 5L","65.00","","","5","0","0","0",
"#47088315760930","PMEGR4056S","Nutrifield Mesh Pot 150MM Suits 15L Pot","8.00","","","0.2","32","32","14",
"#47088351019298","PNUPGR4057S","Nutrifield Mesh Pot 200mm Suits 15L Pot","8.00","","","0.2","0","0","0",
"#44645214847266","PNU1AGR3341S","Nutrifield pH Down Concentrate - 1L","18.00","","","1","0","0","0",
"#44645236900130","PNU2AGR3340S","Nutrifield pH Down Concentrate - 250ml","8.00","","","0.3","15.5","7","7",
"#44645214880034","PNU5AGR3342S","Nutrifield pH Down Concentrate - 5L","85.00","","","5","0","0","0",
"#44645274943778","PNU1AGR3344S","Nutrifield pH Up Concentrate - 1L","18.00","","","1","24","9","8.75",
"#44645274911010","PNU2AGR3343S","Nutrifield pH Up Concentrate - 250ml","8.00","","","0.25","0","0","0",
"#44645303681314","PNU1FGR3362S","Nutrifield PK Heavy - 1L","30.00","","","1","24","9","8.75",
"#44645303714082","PNU5FGR3363S","Nutrifield PK Heavy - 5L","95.00","","","5","0","0","0",
"#44591791178018","PNUGGR3346S","Nutrifield Pot Liner 30L/3 PACK","12.00","","","0.2","0","0","0",
"#47106819948834","PNU1BPGR4068S","Nutrifield Pro Plastic Plant Pots - 15L / Bucket","7.50","","","2","0","0","0",
"#47106820014370","PNU1MPGR4069S","Nutrifield Pro Plastic Plant Pots - 15L / Mesh","7.50","","","0.75","32","32","29",
"#47106768142626","PNU1PGR4066S","Nutrifield Pro Plastic Plant Pots - 15L / Open Stand","7.50","","","2","0","0","0",
"#47106820047138","PNU2BPGR4070S","Nutrifield Pro Plastic Plant Pots - 27L / Bucket","10.00","","","1","41","41","33",
"#47106820079906","PNU2MPGR4071S","Nutrifield Pro Plastic Plant Pots - 27L / Mesh","10.00","","","3","0","0","0",
"#47106768175394","PNU2PGR4067S","Nutrifield Pro Plastic Plant Pots - 27L / Open Stand","10.00","","","3","0","0","0",
"#44835035480354","PNU1AGR3364S","Nutrifield Root Nectar - 1L","50.00","","","1.2","24","9","8.75",
"#44835035513122","PNU5AGR3365S","Nutrifield Root Nectar - 5L","150.00","","","5","0","0","0",
"#44835054747938","PNU1VGR3366S","Nutrifield Veg Ignitor - 1L","60.00","","","1.2","24","9","8.75",
"#44835054780706","PNU5VGR3367S","Nutrifield Veg Ignitor - 5L","200.00","","","5","0","0","0",
"#47031906074914","POPGR4033S","Open Mesh Seedling Tray","25.00","","","0.25","0","0","0",
"#44591793504546","POPEGR3394S","Opticlimate 15000 Pro3","7500.00","","AU","160","125","81","54",
"#45223000604962","PORGR3870S","Organic Gardening Solutions Alfalfa Mulch 1kg","16.00","","","1","0","0","0",
"#45223245119778","PORGR3876S","Organic Gardening Solutions Amino Acids 1L","35.00","","","1","0","0","0",
"#45223270121762","PORGR3877S","Organic Gardening Solutions IPM Spray 1L","75.00","","","1","0","0","0",
"#47216045818146","PLIFGR4115S","Organic Gardening Solutions Liquid Organic Fertiliser","40.00","","","1.1","0","0","0",
"#45223013450018","PORGR3871S","Organic Gardening Solutions Mycorrhizae Fungi 100g","36.00","","","0.1","23","14","6",
"#45223272153378","PORGR3878S","Organic Gardening Solutions No Till Nutrient Kit 2kg","50.00","","","2","0","0","0",
"#45231067595042","POGGR3881S","Organic Gardening Solutions Organic Gardening Microorganisms (OGM) 1L","45.00","","","1","0","0","0",
"#45223284867362","POGGR3879S","Organic Gardening Solutions P-Solubalizing Microbes 100ml","24.00","","","0.1","0","0","0",
"#45336809668898","POGSGR3932S","Organic Gardening Solutions Rice Hulls 25L (3.5kg)","25.00","","","3.5","36","36","22",
"#47216462790946","POGGR4116S","Organic Gardening Solutions Sphagnum Peat Moss","35.00","","","6","36","36","22",
"#45223042056482","POGLGR3874S","Organic Gardening Solutions Tea Kits - Flower Tea Kit","50.00","","","1","0","0","0",
"#45223042023714","POGVGR3873S","Organic Gardening Solutions Tea Kits - Veg Tea Kit","50.00","","","1","0","0","0",
"#45223286276386","PORMGR3880S","Organic Gardening Solutions Top-Dress Kit 1.5kg","30.00","","","2","0","0","0",
"#45223142293794","POGGR3875S","Organic Gardening Solutions Trichoderma Fungi Blend","20.00","","","0.1","0","0","0",
"#44591805169954","PORAGR3615S","Organic XSEED 100ml","14.00","","","0.1","0","0","0",
"#44591803564322","POZGR3586S","Ozenaid Ozone Water Conditioning Unit","50.00","","","5","0","0","0",
"#44591785541922","PPARGR3194S","Panda Film 30m x 3m x 220micron","150.00","","","23","80","22","17",
"#44591792324898","PPHGR3372S","PHILIPS 315W/ 930 CDM PP MH","0.00","","","0","0","0","0",
"#44591792292130","PPHLGR3371S","Philips Master Greenpower CMH Lamp - 315w | 942 | Pgz18 | Veg","165.00","","","0.1","0","0","0",
"#44591785574690","PPHLGR3195S","Philips Master GreenPower Plus 600W 400V","85.00","","","0.2","0","0","0",
"#44835571958050","PPH1CGR3532S","Phresh Carbon Filter - 100mm x 300mm","110.00","","","2","35","20","20",
"#44835578216738","PPH1CGR3533S","Phresh Carbon Filter - 125mm x 400mm","130.00","","","4","37","26","26",
"#44835579822370","PPH1CGR3534S","Phresh Carbon Filter - 150mm x 300mm","140.00","","","4","37","26","26",
"#44835581165858","PPH1CGR3535S","Phresh Carbon Filter - 150mm x 600mm","205.00","","","10","67","26","26",
"#44835581821218","PPH2CGR3536S","Phresh Carbon Filter - 200mm x 500mm","225.00","","","9","58","31","31",
"#44835582804258","PPH2CGR3537S","Phresh Carbon Filter - 250mm 1000mm","450.00","","","23","108","36","36",
"#44835586212130","PPH3CGR3539S","Phresh Carbon Filter - 300mm x 1000mm","495.00","","","29","108","41","41",
"#44835585687842","PPH3CGR3538S","Phresh Carbon Filter - 300mm x 500mm","300.00","","","15","58","41","41",
"#44591800680738","PPHGR3531S","PHRESH HYPER CLIMATE V2","0.00","","","0","0","0","0",
"#45137489494306","PPHEGR3771S","Phresh Hyper Fan Climate Control V2","150.00","","","1","0","0","0",
"#45161673392418","PPH1FGR3775S","Phresh Hyperfan V1 - 150mm","150.00","","","4","0","0","0",
"#45161673425186","PPH2FGR3776S","Phresh Hyperfan V1 - 200mm","225.00","","","4","0","0","0",
"#45161673457954","PPH2FGR3777S","Phresh Hyperfan V1 - 250mm","300.00","","","4","0","0","0",
"#44607861555490","PPH1EGR3519S","Phresh Hyperfan V2 - 150mm","275.00","","","2","23","23","19",
"#44607861588258","PPH2EGR3520S","Phresh Hyperfan V2 - 200mm","375.00","","","3","28","28","22",
"#44607861621026","PPH2EGR3521S","Phresh Hyperfan V2 - 250mm","450.00","","","5.5","34","34","27",
"#45113129730338","PPH6CGR3541S","Phresh InLine Filter - 6” / 150cm","200.00","","AU","13","76","31","31",
"#44591801434402","PPH8CGR3540S","Phresh InLine Filter - 8” / 200cm","350.00","","AU","17.5","86","36.5","36.5",
"#44835491643682","PPH1IGR3522S","Phresh Silenced Hyper Fan - 150mm","420.00","","","4","58","26","26",
"#44835491676450","PPH2IGR3523S","Phresh Silenced Hyper Fan - 200mm","525.00","","","6","73","31","31",
"#44835491709218","PPH2IGR3524S","Phresh Silenced Hyper Fan - 250mm","700.00","","","8","90","36","36",
"#47153410179362","PPH3IGR4076S","Phresh Silenced Hyper Fan - 300mm","900.00","","","8","105","41","41",
"#47174218940706","PPLGR4104S","Plant YoYo Yellow Twin Hook Pack of 12","20.00","","","0","0","0","0",
"#45360784605474","PPL1PGR3934S","Plastic Net Pot - 145mm wide 100mm deep","5.00","","","0.2","0","0","0",
"#45360784638242","PPL2PGR3935S","Plastic Net Pot - 200mm wide 130mm deep","10.00","","","0.4","0","0","0",
"#45360784572706","PPL8PGR3933S","Plastic Net Pot - 85mm wide 75mm deep","3.00","","","0.1","0","0","0",
"#47107042967842","PPL1GR4073S","Plastic Plant Pots - 18L","5.50","","","2","0","0","0",
"#47107043033378","PPL2GR4074S","Plastic Plant Pots - 27L","9.50","","","3","0","0","0",
"#45361010802978","PPLGR3936S","Plastic Square Pot 4L","2.50","","","0.1","220","150","150",
"#47338678747426","","Pot Saucers - 250mm / Black","2.00","","","0.1","0","0","0",
"#47106730197282","PPO4BPGR4059S","Pot Saucers - 400mm / Black","6.00","","","0.1","0","0","0",
"#47106730262818","PPO5BPGR4061S","Pot Saucers - 500mm / Black","10.00","","","0.1","0","0","0",
"#47106745991458","PPO6WPGR4063S","Pot Saucers - 630mm / White","15.00","","","0.1","0","0","0",
"#44835811295522","PPO2GGR3542S","Pot Sox 3 pack - 20L","10.00","","","0","0","0","0",
"#44835811328290","PPO3GGR3543S","Pot Sox 3 pack - 30L","10.00","","","0.2","0","0","0",
"#44835815260450","PPO5GGR3544S","Pot Sox 3 pack - 50L","12.00","","","0.3","0","0","0",
"#47408180232482","","Potami Black Vinyl Poly Tubing - 19mm x 1m","3.00","","AU","0.25","32","32","5",
"#44591785640226","PPOTGR3196S","Powerhouse Mylar Clone Tent 90X60X90","130.00","","","9","0","0","0",
"#44835827155234","PPO2GGR3197S","PowerHouse Mylar Grow Tent - 2.4 X 1.2 X 2.0m","300.00","","","25","0","0","0",
"#44835827188002","PPO2GGR3198S","PowerHouse Mylar Grow Tent - 2.4 X 2.4 X 2.0m","550.00","","","25","0","0","0",
"#44835827220770","PPO2GGR3199S","PowerHouse Mylar Grow Tent - 2.4 X 2.4 X 2.35m","600.00","","","30","0","0","0",
"#44591785771298","PPOLGR3200S","Powerplant Electronic Ballast SE or DE 1000W","350.00","","","6","0","0","0",
"#45122312143138","PPPFGR3766S","PPC Duct Tape","12.50","","","0.1","0","0","0",
"#44591802384674","PPRLGR3565S","Pro Grow Digital Ballast Diamond Edition 600W/240V","250.00","","","4","0","0","0",
"#44836696391970","PPR1LGR3564S","Pro Grow HPS Lamp - 400v - 1000w DE 2K","100.00","","","0.5","0","0","0",
"#44836696359202","PPR6LGR3563S","Pro Grow HPS Lamp - 400v - 600w DE 2K","120.00","","","0.5","0","0","0",
"#44836696326434","PPR6LGR3562S","Pro Grow HPS Lamp - 400v - 620w SE 2K","45.00","","","0.5","0","0","0",
"#44836246389026","PPR1LGR3561S","Pro Grow MH Lamp 400v - 1000W 10K DE","125.00","","","1","0","0","0",
"#44836246323490","PPR1LGR3559S","Pro Grow MH Lamp 400v - 1000W 4K DE","125.00","","","1","0","0","0",
"#44836246159650","PPR1LGR3554S","Pro Grow MH Lamp 400v - 1000W 4K SE","75.00","","","1","0","0","0",
"#44836246356258","PPR1LGR3560S","Pro Grow MH Lamp 400v - 1000W 6K DE","125.00","","","1","0","0","0",
"#44836246192418","PPR1LGR3555S","Pro Grow MH Lamp 400v - 1000W 6K SE","75.00","","","1","0","0","0",
"#44836246028578","PPR4LGR3547S","Pro Grow MH Lamp 400v - 400W 10K SE","50.00","","","1","0","0","0",
"#44836245995810","PPR4LGR3546S","Pro Grow MH Lamp 400v - 400W 4K SE","50.00","","","1","0","0","0",
"#44836246290722","PPR6LGR3558S","Pro Grow MH Lamp 400v - 600W 10K DE","50.00","","","1","0","0","0",
"#44836246126882","PPR6LGR3550S","Pro Grow MH Lamp 400v - 600W 10K SE","50.00","","","1","0","0","0",
"#44836246225186","PPR6LGR3556S","Pro Grow MH Lamp 400v - 600W 4K DE","100.00","","","1","0","0","0",
"#44836246061346","PPR6LGR3548S","Pro Grow MH Lamp 400v - 600W 4K SE","50.00","","","1","0","0","0",
"#44836246257954","PPR6LGR3557S","Pro Grow MH Lamp 400v - 600W 6K DE","100.00","","","1","0","0","0",
"#44836246094114","PPR6LGR3549S","Pro Grow MH Lamp 400v - 600W 6K SE","50.00","","","1","0","0","0",
"#44836215226658","PPR6LGR3553S","Pro Grow MH Lamp 400v - 620W 10K SE","50.00","","","1","0","0","0",
"#44836215161122","PPR6LGR3551S","Pro Grow MH Lamp 400v - 620W 4K SE","50.00","","","1","0","0","0",
"#44836215193890","PPR6LGR3552S","Pro Grow MH Lamp 400v - 620W 6K SE","50.00","","","1","0","0","0",
"#44836668408098","PPR1FGR3545S","Pro PK - 1L","15.00","","","1","0","0","0",
"#47299976921378","","Professor's Nutrients Hydro Clay Balls 10L","20.00","","AU","5.3","32.5","20","17.5",
"#47032014635298","PPRPGR4035S","Propagation Dome for Seedling Tray","30.00","","","0.25","0","0","0",
"#47211657724194","PPRPGR4114S","Propagation Knife","2.00","","","0.1","0","0","0",
"#44591792357666","PQULGR3373S","Quantum 600W Digital Ballast 120/240V Dimmable","120.00","","","7","0","0","0",
"#45300232913186","PQUPGR3919S","Quick Stix Canopy Stakes","20.00","","","0.3","0","0","0",
"#44929468104994","PRECGR3637S","Replacement filter for Ionmax+ EcorPro DryFan series","30.00","","","0.1","0","0","0",
"#44836806361378","PRO1FGR3566S","Rock Burst Organic Flowering Additive - 1L","40.00","","","1","0","0","0",
"#44836806394146","PRO5FGR3567S","Rock Burst Organic Flowering Additive - 5L","170.00","","","5","0","0","0",
"#44837010702626","PRO1BNGR3569S","Rock Fusion Grow & Bloom Nutrient - 1L / Bloom","30.00","","","1","0","0","0",
"#44837010669858","PRO1GNGR3568S","Rock Fusion Grow & Bloom Nutrient - 1L / Grow","30.00","","","1","0","0","0",
"#44837010768162","PRO5BNGR3571S","Rock Fusion Grow & Bloom Nutrient - 5L / Bloom","100.00","","","5","0","0","0",
"#44837010735394","PRO5GNGR3570S","Rock Fusion Grow & Bloom Nutrient - 5L / Grow","95.00","","","5","0","0","0",
"#44837020631330","PRO1FGR3572S","Rock Resinator - 1L","35.00","","","1","0","0","0",
"#44837020664098","PRO5FGR3573S","Rock Resinator - 5L","140.00","","","6","0","0","0",
"#44837042651426","PRO1AGR3574S","Rock Supercharge - 1L","30.00","","","1","0","0","0",
"#44837042716962","PRO2AGR3576S","Rock Supercharge - 20L","0.00","","","20","0","0","0",
"#44837042684194","PRO5AGR3575S","Rock Supercharge - 5L","120.00","","","5","0","0","0",
"#44591785935138","PROAGR3203S","ROOT!T Cutting Mist 100 ml","15.00","","","0.1","0","0","0",
"#44591785902370","PROAGR3202S","ROOT!T First Feed 125ml","10.00","","","0.125","0","0","0",
"#44591786098978","PROGGR3206S","ROOT!T Propagation Sponges Bag of 50","45.00","","","0.2","0","0","0",
"#44591785967906","PROCGR3204S","ROOT!T Rooting Gel 150ml","10.00","","","0.15","0","0","0",
"#44591786131746","PROPGR3207S","ROOT!T- 24 Cell Rooting Sponges","20.00","","","0.2","0","0","0",
"#44591794684194","PSCPGR3413S","Scarid Fly Drench 45ml","30.00","","","0.045","0","0","0",
"#45083307835682","PSC5MGR3762S","ScrogCo Trellis System - 58x56x4","65.00","","","3","0","0","0",
"#45084544074018","PSC6MGR3761S","ScrogCo Trellis System - 67x51x4","65.00","","","3.5","0","0","0",
"#47162980139298","PSE1GR4077S","Seahawk Grow Tent - 100cm x 100cm x 200cm","210.00","","","12.3","105","25","15",
"#47211430019362","PSE1GR4112S","Seahawk Grow Tent - 120cm x 120cm x 200cm","210.00","","","15.4","125","25","17",
"#46934362259746","PSE1GR4008S","Seahawk Grow Tent - 145cm x 80cm x 200cm","195.00","","","14.5","105","25","17",
"#45204794835234","PSEGR3818S","Self-Watering Fabric Pot Base, 4-Pack","0.00","","","0.0083","0","0","0",
"#46632857272610","PSHGR3985S","Shop Floor Plant Sale","0.00","","","0","0","0","0",
"#45579384979746","PSIGGR3975S","Silky Gomboy Folding Saw","47.50","","","1","0","0","0",
"#44601382011170","PSI1DGR3312S","Silver Aluminium Air Ducting 5m - 100mm","10.00","","AU","0.55","22","12.5","12.5",
"#44601382043938","PSI1DGR3313S","Silver Aluminium Air Ducting 5m - 125mm","15.00","","AU","0.6","22","14","14",
"#44601382076706","PSI1DGR3314S","Silver Aluminium Air Ducting 5m - 150mm","14.00","","AU","0.75","22","17","17",
"#44601382109474","PSI2DGR3315S","Silver Aluminium Air Ducting 5m - 200mm","20.00","","AU","1","21.5","21.5","20",
"#44601382142242","PSI2DGR3316S","Silver Aluminium Air Ducting 5m - 250mm","25.00","","AU","1.1","26","26","18",
"#44601382175010","PSI3DGR3317S","Silver Aluminium Air Ducting 5m - 300mm","35.00","","AU","1.5","38","37","28",
"#44837417713954","PSO4LGR3577S","SolisTek HPS DE 2K Lamp - 400W","50.00","","","0.3","0","0","0",
"#44837417746722","PSO6LGR3578S","SolisTek HPS DE 2K Lamp - 600W","60.00","","","0.3","0","0","0",
"#44837398642978","PSO1LGR3581S","SolisTek MH SE 4K Lamp - 1000W 6K","100.00","","","0.3","0","0","0",
"#44837398577442","PSO6LGR3579S","SolisTek MH SE 4K Lamp - 600W 4K","60.00","","","0.3","0","0","0",
"#44837398610210","PSO6LGR3580S","SolisTek MH SE 4K Lamp - 600W 6K","60.00","","","0.3","0","0","0",
"#45496410833186","PST1CGR3958S","Stainless Steel Clamps - 100mm 4inch","4.00","","","0.1","0","0","0",
"#45496410865954","PST1CGR3959S","Stainless Steel Clamps - 150mm 6inch","5.00","","","0.1","0","0","0",
"#45496410898722","PST2CGR3960S","Stainless Steel Clamps - 200mm 8inch","6.00","","","0.1","0","0","0",
"#45496410931490","PST2CGR3961S","Stainless Steel Clamps - 250mm 10inch","7.00","","","0.1","0","0","0",
"#45496410964258","PST3CGR3962S","Stainless Steel Clamps - 300mm 12inch","8.00","","","0.1","0","0","0",
"#44591786328354","PSTLGR3210S","Starlight T-55 Replacement Tube 6400K","7.50","","","0.1","0","0","0",
"#45107399065890","PSTGR3764S","Starlite 4x55w c/w 2700k tubes with Series Port","125.00","","","3","0","0","0",
"#47174328975650","PSTPGR4108S-2","Sterile Disposable Scalpel - Box of 10","20.00","","","0.1","10.5","10","1",
"#47174328942882","PSTPGR4108S","Sterile Disposable Scalpel - Single","2.50","","","0.01","10.5","1.3","1",
"#44591803433250","PSUGR3583S","SUN PULSE 1000W","0.00","","","0","0","0","0",
"#44591803400482","PSUGR3582S","SUN PULSE PS MH 10K LAMP","0.00","","","0","0","0","0",
"#46934840049954","PUNGR4016S","Super Dome Propagation Dome and Tray","20.00","","","0.3","0","0","0",
"#44591797666082","PSUAGR3470S","Super Thrive Vitamin Growth Enhancer 120ml","30.00","","","0.12","0","0","0",
"#44591797731618","PSYLGR3471S","Sylvania Gro-Lux F36W T8 Fluorescent Light 1200MM","20.00","","AU","0.2","120","3","3",
"#44591792750882","PTEGR3378S","TENT JUNGLE ROOM 120 X 120 X 200","0.00","","","0","0","0","0",
"#44591803466018","PTEAGR3584S","Terpinator 1L","55.00","","","1","0","0","0",
"#44591792718114","PTEFGR3377S","Tesa Aluminium Tape Reinforced 75mm x 50M","35.00","","","0.25","0","0","0",
"#45064406630690","PTH1GR3759S","Thermal Ducting 1/2 inch / 55mm - 1.5m","19.95","","","0","0","0","0",
"#45064422981922","PTH8GR3760S","Thermal Ducting 1/2 inch / 55mm - 8m","65.00","","","0","0","0","0",
"#45576047329570","PTOGGR3970S","Tobisho Type A Brazed Pruning Shears Yasugi Carbon Steel 200mm","195.00","","","1","0","0","0",
"#45579373773090","PTOGGR3974S","Tomita Nisaku Hori Hori Garden Knife","55.00","","AU","0.5","31","7","2",
"#45576027013410","PTOGGR3969S","Toyama Hamono Hidehisa Pruning Secateurs T19","140.00","","","1","0","0","0",
"#45579393237282","PTOGGR3976S","Toyama Hamono Hidehisa Secateurs 200mm T14","165.00","","","1","0","0","0",
"#45576060240162","PTOGGR3971S","Toyama Hamono Hidehisa Secateurs Pruning Shears 200mm T13","185.00","","","0","0","0","0",
"#45579351032098","PTOGGR3972S","Toyama Hamono Ueki Pruning Shears T3","160.00","","","1","0","0","0",
"#44591793176866","PTRTGR3385S","Trimpro Rotor Table","350.00","","","10","0","0","0",
"#44591793111330","PTRTGR3384S","Trimpro Trimbox Workstation Table","350.00","","","10","0","0","0",
"#44591797764386","PTUGR3472S","TURBO KLONE STEM COLLARS PK 52","0.00","","","0","0","0","0",
"#44591797797154","PTUGR3473S","TURBO KLONE T 48 DOME ONLY (REPLACEMENT)","0.00","","","0","0","0","0",
"#44944201515298","PUSSGR3737S","US Pint 473ml Ball Mason Heritage Collection Green Jar","10.00","","","0.1","0","0","0",
"#44591793242402","PVAGR3387S","VAC SEALER CHEFS AID VAC FRESH","0.00","","","0","0","0","0",
"#44591793209634","PVAGR3386S","VACUUM BAGS CHEFS AID 550X300MM","0.00","","","0","0","0","0",
"#45203862815010","PWAMGR3779S","Way2Grow Professional Coco Probiotics","50.00","","","0.3","0","0","0",
"#44591803531554","PWEIGR3585S","Westaflex 250mm 80w Centrifugal Fan","200.00","","","10","0","0","0",
"#44591784886562","PWHLGR3186S","White Cooltube with External Reflector 150MM X 600","95.00","","","5","0","0","0",
"#44591793439010","PYGR3392S","Y-JOINER (Y2) (250X200X1) X (200/150X2)","0.00","","","0","0","0","0",
"#44591793471778","PYGR3393S","Y-JOINER (Y3) (300X250X1) X (250/200X2)","0.00","","","0","0","0","0",
"#44591793406242","PYGR3391S","Y-JOINER PVC 150 X 150 X 150","0.00","","","0","0","0","0",
"#45122322792738","PZIFGR3767S","Zipper Tape - Self Adhesive Single","14.00","","","0.1","0","0","0",
